fuente,tipo,item,es,miq
raiti-2026-09-28,palabra,por_favor,por favor,Du Plis
raiti-2026-09-28,palabra,jugar,jugar,Pulaya
raiti-2026-09-28,palabra,olla,olla,Dikua
raiti-2026-09-28,palabra,ocho,ocho,Matlal kahbi pura wal
raiti-2026-09-28,palabra,maestro_o_maestra,maestro o maestra,Smasmalkra
raiti-2026-09-28,palabra,verde,verde,Twi maplalka
raiti-2026-09-28,palabra,mano,mano,Mihta
raiti-2026-09-28,palabra,boca,boca,Bila
raiti-2026-09-28,palabra,abuelo,abuelo,dama o Aisa almuk
raiti-2026-09-28,palabra,leer,leer,Aisi kaikaya
raiti-2026-09-28,palabra,hola,hola,Bara
raiti-2026-09-28,palabra,buenos_dias,buenos días,Titan Yamni
raiti-2026-09-28,palabra,buenas_tardes,buenas tardes,Tutni yamni
raiti-2026-09-28,palabra,buenas_noches,buenas noches,Yamni yaps
raiti-2026-09-28,palabra,adios,adiós,aisaby
raiti-2026-09-28,palabra,gracias,gracias,tingki
raiti-2026-09-28,palabra,si,sí,au
raiti-2026-09-28,palabra,no,no,apia
raiti-2026-09-28,palabra,como_estas,¿cómo estás?,nahkisma
raiti-2026-09-28,palabra,mama,mamá,Yapti
raiti-2026-09-28,palabra,papa,papá,Aisa
raiti-2026-09-28,palabra,hermano,hermano,Muih
raiti-2026-09-28,palabra,hermana,hermana,Laikra
raiti-2026-09-28,palabra,abuela,abuela,Kuka o Mama almuk
raiti-2026-09-28,palabra,hijo,hijo,Luhpi waitna
raiti-2026-09-28,palabra,hija,hija,Luhpi mairin
raiti-2026-09-28,palabra,tio,tío,Tahti
raiti-2026-09-28,palabra,tia,tía,Anti
raiti-2026-09-28,palabra,nino_o_nina,niño o niña,tuktan
raiti-2026-09-28,palabra,bebe,bebé,Bibi
raiti-2026-09-28,palabra,uno,uno,kumi
raiti-2026-09-28,palabra,dos,dos,wal
raiti-2026-09-28,palabra,tres,tres,yumgpa
raiti-2026-09-28,palabra,cuatro,cuatro,walg walg
raiti-2026-09-28,palabra,cinco,cinco,matchip
raiti-2026-09-28,palabra,seis,seis,matlalkahgbi
raiti-2026-09-28,palabra,siete,siete,matlalkahgbi pura kum
raiti-2026-09-28,palabra,nueve,nueve,matlal kahbi pura yumpha
raiti-2026-09-28,palabra,diez,diez,mata wal sip
raiti-2026-09-28,palabra,cabeza,cabeza,lal
raiti-2026-09-28,palabra,ojo,ojo,nakra
raiti-2026-09-28,palabra,nariz,nariz,kakma
raiti-2026-09-28,palabra,oreja,oreja,kiama
raiti-2026-09-28,palabra,pie,pie,mina
raiti-2026-09-28,palabra,diente,diente,napa
raiti-2026-09-28,palabra,pelo,pelo,tawa
raiti-2026-09-28,palabra,corazon,corazón,kupia
raiti-2026-09-28,palabra,casa,casa,utla
raiti-2026-09-28,palabra,puerta,puerta,dur
raiti-2026-09-28,palabra,cama,cama,krikri
raiti-2026-09-28,palabra,hamaca,hamaca,slilmika
raiti-2026-09-28,palabra,cuchillo,cuchillo,kisura
raiti-2026-09-28,palabra,machete,machete,ispara
raiti-2026-09-28,palabra,canoa,canoa (cayuco),duary
raiti-2026-09-28,palabra,ropa,ropa,kwala
raiti-2026-09-28,palabra,zapato,zapato,sus
raiti-2026-09-28,palabra,escuela,escuela,skul watla
raiti-2026-09-28,palabra,estudiante,estudiante,skul tuktan
raiti-2026-09-28,palabra,libro,libro,buk
raiti-2026-09-28,palabra,cuaderno,cuaderno,wauhtaya
raiti-2026-09-28,palabra,lapiz,lápiz,ingk
raiti-2026-09-28,palabra,palabra,palabra,stury
raiti-2026-09-28,palabra,escribir,escribir,ulbaya
raiti-2026-09-28,palabra,aprender,aprender,lan takaya
raiti-2026-09-28,palabra,rojo,rojo,pauni
raiti-2026-09-28,palabra,blanco,blanco,pihni
raiti-2026-09-28,palabra,negro,negro,siksa
raiti-2026-09-28,palabra,amarillo,amarillo,lalahni
raiti-2026-09-28,palabra,azul,azul,sangni
raiti-2026-09-28,palabra,comer,comer,piyaya
raiti-2026-09-28,palabra,beber,beber,diyaya
raiti-2026-09-28,palabra,dormir,dormir,yapaya
raiti-2026-09-28,palabra,caminar,caminar,wapaya
raiti-2026-09-28,palabra,hablar,hablar,aisaya
raiti-2026-09-28,palabra,escuchar,escuchar,walaya
raiti-2026-09-28,palabra,ver,ver,kaikaya
raiti-2026-09-28,palabra,trabajar,trabajar,wark takaya
raiti-2026-09-28,palabra,cantar,cantar,aiwanaya
raiti-2026-09-28,palabra,ir,ir,wap
raiti-2026-09-28,palabra,venir,venir,bal
raiti-2026-09-28,frase,buenos_dias_maestra,"Buenos días, maestra.","Titan Yamni, smasmalkra mairin."
raiti-2026-09-28,frase,como_te_llamas,¿Cómo te llamás?,Ninam dia?
raiti-2026-09-28,frase,me_llamo_ana,Me llamo Ana.,Yang nini Ana.
raiti-2026-09-28,frase,como_estas,¿Cómo estás?,Nahkisma?
raiti-2026-09-28,frase,estoy_bien,Estoy bien.,Pain sna.
raiti-2026-09-28,frase,tengo_hambre,Tengo hambre.,Plun aidauksa
raiti-2026-09-28,frase,quiero_agua,Quiero agua.,Li want
raiti-2026-09-28,frase,vamos_a_la_escuela,Vamos a la escuela.,Skul ra wapp
raiti-2026-09-28,frase,mi_mama_esta_en_la_casa,Mi mamá está en la casa.,Yaptiki utla ra sa.
raiti-2026-09-28,frase,el_perro_come,El perro come.,Yul pisa
raiti-2026-09-28,frase,hasta_manana,Hasta mañana.,Yauhka kat
raiti-2026-09-28,frase,gracias_amigo,"Gracias, amigo.",Tignki painika
raiti-2026-09-28,frase,donde_vivis,¿Dónde vivís?,Anira iwisma
raiti-2026-09-28,frase,me_gusta_el_pescado,Me gusta el pescado.,Inska laiksna
raiti-2026-09-28,frase,esta_lloviendo,Está lloviendo.,Li auhwisa
raiti-2026-09-28,aporte,aporte,Mi abuela sonríe al ver su coco,"Kuki ki, ai kuku ka kaiki kikisa."
raiti-2026-09-30,palabra,abuela,abuela,mama almuk
raiti-2026-09-30,palabra,mono,mono,urus
raiti-2026-09-30,palabra,escuchar,escuchar,walaya
raiti-2026-09-30,palabra,tigre,tigre (jaguar),limi
raiti-2026-09-30,palabra,tierra,tierra,tasba
raiti-2026-09-30,palabra,nino_o_nina,niño o niña,tuktan mairin tuktan waitna
raiti-2026-09-30,palabra,corazon,corazón,kupia
raiti-2026-09-30,palabra,pez,pez,inska
raiti-2026-09-30,palabra,abuelo,abuelo,papá almuk
raiti-2026-09-30,palabra,siete,siete,matsip pura wal
raiti-2026-09-30,palabra,mama,mamá,mamiki
raiti-2026-09-30,palabra,papa,papá,Papiki
raiti-2026-09-30,palabra,hermano,hermano,yaikra
raiti-2026-09-30,palabra,hermana,hermana,muiki
raiti-2026-09-30,palabra,hijo,hijo,lupha waitna
raiti-2026-09-30,palabra,hija,hija,lupha mairin
raiti-2026-09-30,palabra,tio,tío,tahti
raiti-2026-09-30,palabra,tia,tía,anti
raiti-2026-09-30,palabra,bebe,bebé,tuktan
raiti-2026-09-30,palabra,uno,uno,kumi
raiti-2026-09-30,palabra,dos,dos,wal
raiti-2026-09-30,palabra,tres,tres,yumpha
raiti-2026-09-30,palabra,cuatro,cuatro,walhwal
raiti-2026-09-30,palabra,cinco,cinco,matsip
raiti-2026-09-30,palabra,seis,seis,matsip pura kum
raiti-2026-09-30,palabra,ocho,ocho,matsip pura yumpha
raiti-2026-09-30,palabra,nueve,nueve,Matsip pura walhwal
raiti-2026-09-30,palabra,diez,diez,matsip pura matsip
raiti-2026-09-30,palabra,cabeza,cabeza,lal
raiti-2026-09-30,palabra,ojo,ojo,nakra
raiti-2026-09-30,palabra,boca,boca,bila
raiti-2026-09-30,palabra,nariz,nariz,kakma
raiti-2026-09-30,palabra,oreja,oreja,kiama
raiti-2026-09-30,palabra,mano,mano,mitha
raiti-2026-09-30,palabra,pie,pie,mina
raiti-2026-09-30,palabra,diente,diente,napa
raiti-2026-09-30,palabra,pelo,pelo,tawa
raiti-2026-09-30,palabra,perro,perro,yul
raiti-2026-09-30,palabra,gato,gato,micki
raiti-2026-09-30,palabra,gallina,gallina,galila
raiti-2026-09-30,palabra,cerdo,cerdo,wuirku
raiti-2026-09-30,palabra,vaca,vaca,bip
raiti-2026-09-30,palabra,caballo,caballo,aras
raiti-2026-09-30,palabra,tortuga,tortuga,kuswa
raiti-2026-09-30,palabra,iguana,iguana,kakamuk
raiti-2026-09-30,palabra,pajaro,pájaro,daiwan nawira
raiti-2026-09-30,palabra,loro,loro,iris
raiti-2026-09-30,palabra,culebra,culebra,piuta
raiti-2026-09-30,palabra,agua,agua,lii
raiti-2026-09-30,palabra,arroz,arroz,rais
raiti-2026-09-30,palabra,frijoles,frijoles,bins
raiti-2026-09-30,palabra,yuca,yuca,yaura
raiti-2026-09-30,palabra,platano,plátano,platu
raiti-2026-09-30,palabra,banano,banano,tama
raiti-2026-09-30,palabra,coco,coco,coco
raiti-2026-09-30,palabra,pescado,pescado,inska
raiti-2026-09-30,palabra,carne,carne,wina
raiti-2026-09-30,palabra,huevo,huevo,galila mabra
raiti-2026-09-30,palabra,pan,pan,bret
raiti-2026-09-30,palabra,sal,sal,sal
raiti-2026-09-30,palabra,cafe,café,cafi
raiti-2026-09-30,palabra,maiz,maíz,haya
raiti-2026-09-30,palabra,rio,río,tikni
raiti-2026-09-30,palabra,mar,mar,kabu
raiti-2026-09-30,palabra,lluvia,lluvia,li ausisa
raiti-2026-09-30,palabra,sol,sol,yapta
raiti-2026-09-30,palabra,luna,luna,kati
raiti-2026-09-30,palabra,estrella,estrella,slisma
raiti-2026-09-30,palabra,arbol,árbol,dus
raiti-2026-09-30,palabra,monte,monte,unta
raiti-2026-09-30,palabra,piedra,piedra,walpa
raiti-2026-09-30,palabra,fuego,fuego,pauta klawi
raiti-2026-09-30,palabra,viento,viento,pasa
raiti-2026-09-30,palabra,comer,comer,plun piyaya
raiti-2026-09-30,palabra,beber,beber,diyaya
raiti-2026-09-30,palabra,dormir,dormir,yapaya
raiti-2026-09-30,palabra,caminar,caminar,wapaya
raiti-2026-09-30,palabra,hablar,hablar,aisaya
raiti-2026-09-30,palabra,ver,ver,kaikaya
raiti-2026-09-30,palabra,jugar,jugar,pulaya
raiti-2026-09-30,palabra,trabajar,trabajar,wark takaya
raiti-2026-09-30,palabra,cantar,cantar,aiwanaya
raiti-2026-09-30,palabra,venir,venir,balaya
raiti-2026-09-30,palabra,ir,ir,waya
raiti-2026-09-30,frase,como_te_llamas,¿Cómo te llamás?,Niman naki
raiti-2026-09-30,frase,donde_vivis,¿Dónde vivís?,Anira iwisma
raiti-2026-09-30,frase,quiero_agua,Quiero agua.,Lii want
raiti-2026-09-30,frase,buenos_dias_maestra,"Buenos días, maestra.",Titan yamni Maistro
raiti-2026-09-30,frase,me_llamo_ana,Me llamo Ana.,Yang nuni ana
raiti-2026-09-30,frase,como_estas,¿Cómo estás?,Naki sma
raiti-2026-09-30,frase,estoy_bien,Estoy bien.,Pain sna
raiti-2026-09-30,frase,tengo_hambre,Tengo hambre.,Plun aidauki
raiti-2026-09-30,frase,vamos_a_la_escuela,Vamos a la escuela.,Kaya skul ra
raiti-2026-09-30,frase,mi_mama_esta_en_la_casa,Mi mamá está en la casa.,Mamiki utlara sa
raiti-2026-09-30,frase,el_perro_come,El perro come.,Yul plun pisa
raiti-2026-09-30,frase,hasta_manana,Hasta mañana.,Titan pruabia
raiti-2026-09-30,frase,gracias_amigo,"Gracias, amigo.",Tinki painika
raiti-2026-09-30,frase,me_gusta_el_pescado,Me gusta el pescado.,Yaiksna inska
raiti-2026-09-30,frase,esta_lloviendo,Está lloviendo.,Lii ahwisa
raiti-2026-09-30,aporte,aporte,Mi nombre es Tangni tengo 18 años y estudio en Jinotega,Yang Nini Tangni 18 mani brisna Jinotega Ra skul dimisna
