fuente,tipo,item,es,eng
equipo-piko,equipo,bird,pájaro,bird
equipo-piko,equipo,fish,pez,fish
equipo-piko,equipo,dog,perro,dog
equipo-piko,equipo,cat,gato,cat
equipo-piko,equipo,cow,vaca,cow
equipo-piko,equipo,horse,caballo,horse
equipo-piko,equipo,pig,cerdo,pig
equipo-piko,equipo,a_small_bird,un pájaro pequeño,a small bird
equipo-piko,equipo,a_small_fish,un pez pequeño,a small fish
equipo-piko,equipo,a_tall_bird,un pájaro alto,a tall bird
equipo-piko,equipo,the_bird_can_fly,El pájaro puede volar,The bird can fly
equipo-piko,equipo,swim,nadar,swim
equipo-piko,equipo,green,verde,green
equipo-piko,equipo,blue,azul,blue
equipo-piko,equipo,grey,gris,grey
equipo-piko,equipo,black,negro,black
equipo-piko,equipo,brown,café (color),brown
equipo-piko,equipo,red,rojo,red
equipo-piko,equipo,pink,rosado,pink
equipo-piko,equipo,orange,anaranjado; naranja,orange
equipo-piko,equipo,yellow,amarillo,yellow
equipo-piko,equipo,white,blanco,white
equipo-piko,equipo,the_green_tree,el árbol verde,the green tree
equipo-piko,equipo,the_grey_tree,el árbol gris,the grey tree
equipo-piko,equipo,the_green_three,el tres verde,the green three
equipo-piko,equipo,the_bird_is_green,El pájaro es verde,The bird is green
equipo-piko,equipo,teacher,maestro,teacher
equipo-piko,equipo,student,estudiante,student
equipo-piko,equipo,school,escuela,school
equipo-piko,equipo,book,libro,book
equipo-piko,equipo,pencil,lápiz,pencil
equipo-piko,equipo,paper,papel,paper
equipo-piko,equipo,may_i_come_in,¿Puedo pasar?,May I come in?
equipo-piko,equipo,can_i_go_out,¿Puedo salir?,Can I go out?
equipo-piko,equipo,where_is_the_door,¿Dónde está la puerta?,Where is the door?
equipo-piko,equipo,open_your_book,abre tu libro,open your book
equipo-piko,equipo,close_your_book,cierra tu libro,close your book
equipo-piko,equipo,open_your_bag,abre tu bolso,open your bag
equipo-piko,equipo,i_go_to_school_every_day,Voy a la escuela todos los días,I go to school every day
equipo-piko,equipo,week,semana,week
equipo-piko,equipo,the_teacher_is_reading_a_book,El maestro está leyendo un libro,The teacher is reading a book
equipo-piko,equipo,writing,escribiendo,writing
equipo-piko,equipo,i_do_not_understand,No entiendo,I do not understand
equipo-piko,equipo,know,saber,know
equipo-piko,equipo,mother,madre,mother
equipo-piko,equipo,father,padre,father
equipo-piko,equipo,sister,hermana,sister
equipo-piko,equipo,brother,hermano,brother
equipo-piko,equipo,daughter,hija,daughter
equipo-piko,equipo,grandmother,abuela,grandmother
equipo-piko,equipo,grandfather,abuelo,grandfather
equipo-piko,equipo,aunt,tía,aunt
equipo-piko,equipo,my_brother,mi hermano,my brother
equipo-piko,equipo,my_mother,mi madre,my mother
equipo-piko,equipo,my_father,mi padre,my father
equipo-piko,equipo,this_is_my_mother,Esta es mi madre,This is my mother
equipo-piko,equipo,my_family_is_big,Mi familia es grande,My family is big
equipo-piko,equipo,one,uno,one
equipo-piko,equipo,two,dos,two
equipo-piko,equipo,ten,diez,ten
equipo-piko,equipo,three,tres,three
equipo-piko,equipo,eight,ocho,eight
equipo-piko,equipo,five,cinco,five
equipo-piko,equipo,four,cuatro,four
equipo-piko,equipo,nine,nueve,nine
equipo-piko,equipo,seven,siete,seven
equipo-piko,equipo,six,seis,six
equipo-piko,equipo,tree,árbol,tree
equipo-piko,equipo,free,libre,free
equipo-piko,equipo,eighty,ochenta,eighty
equipo-piko,equipo,ate,comió,ate
equipo-piko,equipo,i_have_two_brothers,Tengo dos hermanos,I have two brothers
equipo-piko,equipo,sisters,hermanas,sisters
equipo-piko,equipo,am,"soy, estoy",am
equipo-piko,equipo,good_morning,Buenos días,Good morning
equipo-piko,equipo,good_night,Buenas noches,Good night
equipo-piko,equipo,good_afternoon,Buenas tardes,Good afternoon
equipo-piko,equipo,good_evening,Buenas noches (al llegar),Good evening
equipo-piko,equipo,thank_you,Gracias,Thank you
equipo-piko,equipo,please,Por favor,Please
equipo-piko,equipo,sorry,Perdón,Sorry
equipo-piko,equipo,welcome,Bienvenido,Welcome
equipo-piko,equipo,goodbye,Adiós,Goodbye
equipo-piko,equipo,hello,Hola,Hello
equipo-piko,equipo,see_you,Nos vemos,See you
equipo-piko,equipo,thank_you_very_much,Muchas gracias,Thank you very much
equipo-piko,equipo,see_you_later,Hasta luego,See you later
equipo-piko,equipo,how_are_you,¿Cómo estás?,How are you
equipo-piko,equipo,see_you_tomorrow,Nos vemos mañana,See you tomorrow
equipo-piko,equipo,today,hoy,today
equipo-piko,equipo,me,"me, a mí",me
